{"cameraMode":{"drawMode":0,"name":"Shaded","section":"Shading Mode"},"sceneLighting":false,"audioPlay":false,"sceneViewState":{"showFog":true,"showMaterialUpdate":true,"showSkybox":false,"showFlares":true,"showImageEffects":true,"showParticleSystems":true},"in2DMode":false,"pivot":{"x":-10.697723388671875,"y":-7.221782684326172,"z":12.065498352050782},"rotation":{"x":-0.3518817722797394,"y":-0.24887879192829133,"z":0.0976865217089653,"w":-0.8971410393714905},"size":32.99433898925781,"orthographic":false}