{"cameraMode":{"drawMode":0,"name":"Shaded","section":"Shading Mode"},"sceneLighting":true,"audioPlay":false,"sceneViewState":{"showFog":true,"showMaterialUpdate":true,"showSkybox":true,"showFlares":true,"showImageEffects":true,"showParticleSystems":true},"in2DMode":false,"pivot":{"x":-19.286314010620118,"y":5.918881893157959,"z":-19.70412254333496},"rotation":{"x":0.42837080359458926,"y":0.021693868562579156,"z":-0.010263318195939064,"w":0.9033193588256836},"size":27.06733512878418,"orthographic":false}