{"cameraMode":{"drawMode":0,"name":"Shaded","section":"Shading Mode"},"sceneLighting":true,"audioPlay":false,"sceneViewState":{"showFog":true,"showMaterialUpdate":true,"showSkybox":true,"showFlares":true,"showImageEffects":true,"showParticleSystems":true},"in2DMode":false,"pivot":{"x":0.5093851089477539,"y":7.7849907875061039,"z":-18.3701114654541},"rotation":{"x":0.42837080359458926,"y":0.021693868562579156,"z":-0.010263318195939064,"w":0.9033193588256836},"size":36.83490753173828,"orthographic":false}