{"cameraMode":{"drawMode":0,"name":"Shaded","section":"Shading Mode"},"sceneLighting":false,"audioPlay":false,"sceneViewState":{"showFog":true,"showMaterialUpdate":true,"showSkybox":false,"showFlares":true,"showImageEffects":true,"showParticleSystems":true},"in2DMode":false,"pivot":{"x":25.34600067138672,"y":-3.4545493125915529,"z":22.445653915405275},"rotation":{"x":0.23373551666736604,"y":0.36653345823287966,"z":-0.09565529227256775,"w":0.8955000638961792},"size":50.457637786865237,"orthographic":false}